iteration,price,total_travel_time,total_user_cost,total_consumption,total_consumption_inside,total_entrances,total_permit_flow
0,0,355386.06747345184,355386.06747345184,643847.8938465709,111477.84940449802,15936.815816686609,-0
1,0.1,355473.7309997856,357014.29576648766,643715.2556828517,111423.18796473162,15405.647667022686,-0
2,0.2,355557.72133164864,358488.1531107143,643611.118785576,111155.28084611935,14652.158895328665,-0
3,0.3,355695.3568106892,359970.32599770214,643705.7546081401,111145.0785337258,14249.897290042796,-0
4,0.4,355857.61623041955,361434.1225558748,643978.2108315113,111252.20416393198,13941.265813639071,-0
5,0.5,356063.45245285094,362949.4009985258,644287.2196759812,111231.19561034416,13771.897091349365,-0
6,0.6,356220.9556976575,364409.3899208062,644428.8529293893,111272.1901479678,13647.390371915044,-0
7,0.7,356337.63626958267,365801.61088568124,644541.3833090954,111370.0199222868,13519.9637372845,-0
8,0.8,356486.10248171864,367277.6708385152,644735.8452076671,111375.35461714,13489.460445995544,-0
9,0.9,356562.48967546923,368655.13634029706,644854.4157673147,111414.22564384998,13436.274072031278,-0
10,1,356717.90384501294,370049.794158835,645124.9215699185,111328.77521650876,13331.890313822192,-0
11,1.1,356810.2479951586,371465.3407710221,645327.156921959,111324.45463931865,13322.811614421535,-0
12,1.2,356931.60162505956,372893.0894146429,645519.8174408646,111285.16568869061,13301.239824652781,-0
13,1.3,356946.34632886376,374231.3597089196,645594.7057927472,111276.04276375537,13296.164138504591,-0
14,1.4,357038.57132572157,375624.51323092345,645831.0956729864,111274.96533353257,13275.67278942954,-0
15,1.5,357148.8911156733,377028.52736347896,645903.022530527,111206.26632815602,13253.090831870923,-0
16,1.6,357210.0947876045,378386.66277402075,645930.5903084571,111193.81452956708,13235.354991510183,-0
17,1.7,357249.0571501515,379732.0558529336,645999.0038302777,111183.74713937666,13225.29335457771,-0
18,1.8,357311.64035867556,381097.0939138463,646077.937369819,111166.97489457409,13214.140863983986,-0
19,1.9,357358.008750232,382448.97642324725,646261.9980490814,111163.16477260763,13205.772459481777,-0
20,2,357453.4505448784,383846.19554103917,646328.8103259763,111157.05434072645,13196.372498080902,-0
21,2.1,357583.48543925147,385282.5434937779,646521.6644132112,111154.31824077244,13190.027645012631,-0
22,2.2,357576.8423210244,386589.72350410477,646497.1860230913,111154.90716147947,13187.673265036585,-0
23,2.3,357634.24636783917,387958.20212138875,646625.1287293528,111156.11980105986,13184.328588500191,-0
24,2.4,357711.89653713466,389341.72492734395,646745.6054361337,111144.93278265663,13179.095162587093,-0
25,2.5,357766.9208552112,390695.9407693129,646805.1700287611,111137.47375777997,13171.607965640818,-0
26,2.6,357855.37868616154,392096.9593885843,646923.2944275122,111115.13339630602,13169.8387317012,-0
27,2.7,357834.90293281886,393377.75793551165,646945.27480316,111115.43664605457,13164.020371367937,-0
28,2.8,357871.75988709164,394726.23476004525,647056.9037953521,111107.79952909889,13162.312454626814,-0
29,2.9,357961.532251851,396128.6008320187,647076.9743083686,111098.21494287747,13161.058131092825,-0
30,3,358011.102295774,397486.4402779457,647191.0343470759,111115.28661256983,13158.445994057556,-0
31,3.1,357995.93623016664,398787.31114280736,647314.390386505,111115.64489150186,13158.508036335958,-0
32,3.2,358023.8339256924,400127.1925759577,647356.0009260436,111128.03183672624,13157.299578207972,-0
33,3.3,358056.78370609274,401472.1312307615,647395.6476099694,111118.69737392671,13156.16591656648,-0
34,3.4,358079.2736959649,402799.8235882229,647443.2784200994,111102.68607709782,13153.102909487834,-0
35,3.5,358099.3129627118,404120.78532858344,647483.1397972878,111094.39955355159,13148.99210453495,-0
36,3.6,358113.23175597854,405448.9326119804,647510.0293063396,111101.94657250143,13148.805793333837,-0
37,3.7,358146.79825709667,406797.1511591801,647480.3051348476,111095.61597097096,13148.74402759046,-0
38,3.8,358180.19523416297,408145.8851437883,647517.2433368149,111096.08566842339,13148.865765690853,-0
39,3.9,358176.45467321324,409455.9557390546,647547.0281766325,111093.7222589705,13148.590016882425,-0
40,4,358229.353467296,410825.32280492084,647559.8159115145,111093.8858911751,13148.99233440638,-0
41,4.1,358250.78041962394,412157.75256130495,647622.831222415,111102.34076890381,13148.041985776117,-0
42,4.2,358350.36929484573,413571.5071225241,647652.6813547139,111106.39981916426,13147.88995897127,-0
43,4.3,358313.4241214476,414840.02264083707,647599.3679805803,111087.15466398858,13145.720585904675,-0
44,4.4,358278.0190401965,416117.98925315705,647631.7781086337,111089.07781721032,13145.447775672796,-0
45,4.5,358312.8979050436,417468.01568822534,647661.5882851449,111111.3986754445,13145.581729596255,-0
46,4.6,358384.77651782305,418854.90345620556,647688.0720441736,111069.29441225235,13145.679769213453,-0
47,4.7,358347.4421394488,420131.72051570937,647635.188992873,111098.27955127918,13145.591143885531,-0
48,4.8,358344.96196557174,421439.46896126174,647783.8416094126,111087.589087529,13144.688957435685,-0
49,4.9,358385.9988425665,422794.40275173454,647777.5469978773,111103.98055298888,13144.572226361022,-0
50,5,358332.61411183537,424055.77925249294,647798.2364081505,111085.80121000117,13144.6330281316,-0
51,5.1,358403.5360773474,425441.8940931218,647837.8659095461,111106.877814738,13144.776081524515,-0
52,5.2,358399.4201732587,426749.88378373825,647879.6276463789,111091.95606263429,13144.31992509236,-0
53,5.3,358410.789051553,428075.4393817314,647870.6757101248,111099.18264860737,13144.273647203685,-0
54,5.4,358376.01087613625,429354.3249058133,647866.5486836144,111075.03991082635,13144.132227718526,-0
55,5.5,358357.3152566645,430650.2431209663,647854.3933959809,111077.90884958813,13144.168702600513,-0
56,5.6,358456.82080138405,432064.2304673573,647923.903407554,111092.42794334298,13144.180297495428,-0
57,5.7,358567.3969031541,433491.6258610347,647888.7023221685,111075.44812610907,13144.601571558278,-0
58,5.8,358442.1681941605,434679.889127909,647953.8042725634,111081.80967403336,13144.434643749844,-0
59,5.9,358444.7755010456,435998.68618536176,647925.4240608581,111102.92884074443,13144.730624460739,-0
60,6,358452.2531658372,437319.0573699886,647954.7915072626,111111.96404852495,13144.46736735879,-0
61,6.1,358517.1493291745,438700.0511251385,647966.9761987623,111082.87903111974,13144.737999338615,-0
62,6.2,358512.50925190287,440008.55803983146,648007.9672963239,111085.85737766456,13144.523998052988,-0
63,6.3,358429.62435748585,441241.79392011365,647985.3819700085,111092.9708882198,13144.788819464788,-0
64,6.4,358448.48961724393,442573.9011889212,647970.4504048252,111079.13718652652,13144.59555807446,-0
65,6.5,358463.93200488156,443903.34347042453,648020.8767805801,111094.00695216893,13144.5248408527,-0
66,6.6,358415.1560513194,445169.6132904073,648024.0121193931,111096.31598985851,13144.614733195449,-0
67,6.7,358438.75261510006,446508.6063217609,647991.5897406237,111094.53635978246,13144.75428457633,-0
68,6.8,358491.35408474336,447873.34449450194,648037.2261639691,111084.53166016123,13144.41035437603,-0
69,6.9,358557.1706441828,449253.90679049975,647969.1516339887,111106.41748087035,13144.454513959077,-0
70,7,358541.92093387624,450552.9320195549,648026.9126704903,111092.31722908576,13144.430155097352,-0
71,7.1,358477.1594217146,451803.55868946365,648019.6491771033,111078.745117937,13144.563277148023,-0
72,7.2,358454.6967581955,453096.5248818688,648018.552558549,111093.63221646164,13144.698350510305,-0
73,7.3,358511.46159269917,454464.8580075406,648040.4315995944,111093.02134799463,13144.300878745526,-0
74,7.4,358479.36592168343,455747.3107348581,648019.2813974421,111106.80027716176,13144.316866645286,-0
75,7.5,358485.72868313105,457063.9787112182,648028.8252280387,111101.91328610749,13143.76667041167,-0
76,7.6,358485.30583385815,458378.16955928114,648065.1005549981,111092.3404305887,13143.797858608432,-0
77,7.7,358448.17683579965,459661.65566584514,647969.7197976928,111091.43426256056,13144.60764026556,-0
78,7.8,358502.59370274225,461029.95137782575,648052.4859146357,111109.95578443617,13144.533035267319,-0
79,7.9,358578.9172581822,462420.1433874533,648018.4831194222,111090.91927920339,13144.45900370512,-0
80,8,358575.58212778793,463731.1853108464,647991.4581265567,111077.05053612188,13144.450397882596,-0
81,8.1,358474.9235706978,464944.21620800864,648039.931105321,111098.778685108,13144.357115717452,-0
82,8.2,358522.8640658369,466305.4037177403,647991.5759549004,111097.60608294519,13144.212152671174,-0
83,8.3,358483.56403951393,467582.47951801046,648012.3880895221,111085.73731371397,13144.44764801141,-0
84,8.4,358496.5784189494,468902.2798724198,648087.0599857558,111094.79275988702,13143.53588731801,-0
85,8.5,358500.24450422317,470224.35242277035,648044.8279257261,111109.88394443516,13144.012696299616,-0
86,8.6,358550.8782531673,471596.16248382744,648007.1617434726,111106.60442505492,13144.800491937189,-0
87,8.7,358556.12481762335,472908.5250628495,648114.9131622541,111108.25429876066,13143.954051175513,-0
88,8.8,358486.5727498824,474159.25969571364,647986.2763345715,111126.72632416147,13144.623516571874,-0
89,8.9,358543.8497098615,475521.4522625918,648116.9331410922,111093.32706652483,13143.550848621506,-0
90,9,358533.111082331,476832.97866432846,648028.9858386402,111128.07560597603,13144.42973133328,-0
91,9.1,358491.534213208,478104.29679017374,648054.1178374197,111096.95093036607,13144.259623842529,-0
92,9.2,358577.25256536395,479499.51145362784,648118.8540043157,111119.69213683537,13143.723792202612,-0
93,9.3,358577.0696064051,480818.5747730771,648048.2289168609,111107.80462711952,13144.247867384329,-0
94,9.4,358514.30807015154,482066.0133943404,648103.7238835271,111100.35103039337,13143.798438743524,-0
95,9.5,358534.991858386,483398.39007783134,648065.546374437,111101.18565015987,13143.515602046971,-0
96,9.6,358534.62844347797,484716.6987999051,648011.0456772586,111102.97406942592,13143.965662127875,-0
97,9.7,358523.59719328413,486018.20012992446,648058.1433832912,111100.53645376074,13143.77349862288,-0
98,9.8,358562.9850315314,487375.7092390202,648026.4529742114,111114.34362370367,13144.155531376487,-0
99,9.9,358497.44003786443,488628.073978036,648034.0096539244,111100.29334549082,13144.50847880525,-0
100,10,358548.3836772321,489993.0058530823,648053.9384228998,111096.4447861021,13144.462217585107,-0
